{"det_mv3_db": 0.7858942065491183, "det_r50_vd_dcn_fce_ctw": 0.8517020559487699, "det_r18_vd_ct": 0.8505317268113136, "det_r50_vd_db": 0.8236775818639798, "det_mv3_east": 0.8070175438596491, "det_r50_vd_pse": 0.8253809642767924, "det_r50_vd_east": 0.8488196885986942, "det_mv3_pse": 0.7745358090185677, "cls_mv3":0.9699999030000097, "rec_r45_abinet": 0.9158034300855197, "rec_r31_sar": 0.8819922094290278, "rec_mv3_none_bilstm_ctc": 0.7780320355005262, "rec_r45_visionlan": 0.8748569781538087, "rec_r31_robustscanner": 0.8863014826499532, "rec_mtb_nrtr": 0.0, "rec_r34_vd_none_bilstm_ctc": 0.7969107540089949, "rec_mv3_none_none_ctc": 0.753861554985896, "rec_resnet_rfl_att": 0.8702803191214527, "rec_vitstr_none_ce": 0.42960139187072066, "rec_r34_vd_none_none_ctc": 0.7774599531214818, "rec_mv3_tps_bilstm_att": 0.8239416464188478, "rec_r32_gaspin_bilstm_att": 0.43524313704745715, "rec_r34_vd_tps_bilstm_ctc": 0.8230835228502811, "rec_r34_vd_tps_bilstm_att": 0.8360983969735435, "rec_mv3_tps_bilstm_ctc": 0.8000572070937397, "sr_telescope": 21.585783, "sr_tsrn_transformer_strock": 20.376978, "e2e_r50_vd_pg": 0.4675324675324675, "table_master": 0.811999998376, "SLANet": 0.787999998424, "ser_vi_layoutxlm_xfund_zh": 0.9319667785827884}
