{"ch_PP-OCRv2_rec": 22.01206, "det_mv3_db": 3.851319, "det_r50_vd_dcn_fce_ctw": 12.540939, "det_r18_vd_ct": 0.247262, "ch_PP-OCRv3_det_dml": 13.542321, "ch_PP-OCRv3_det_student": 7.0809, "ch_PP-OCRv3_det_cml": 15.244656, "det_r50_vd_db": 4.13068, "det_mv3_east": 0.01558, "det_r50_vd_pse": 0.435267, "det_r50_vd_east": 0.017918, "ch_det_res18_db_v2.0": 5.222727, "ch_det_mv3_db_v2.0": 6.459758, "det_res18_db_v2.0": 5.725308, "ch_PP-OCRv2_det_dml": 13.887811, "ch_PP-OCRv2_det_cml": 25.814651, "ch_PP-OCRv2_det_distill": 10.328896, "ch_PP-OCRv2_det_student": 2.000679, "det_r50_db++_icdar15": 2.86331, "det_r50_db++_td_tr": 1.555968, "det_mv3_pse": 0.639658, "rec_r45_abinet": 0.096377, "rec_resnet_rfl_visual": 0.145356, "rec_r31_sar": 2.726406, "rec_mv3_none_bilstm_ctc": 17.898596, "rec_r45_visionlan": 5.082224, "rec_icdar15_train": 19.770782, "rec_korean_lite_train": 19.836761, "rec_devanagari_lite_train": 18.20319, "rec_french_lite_train": 19.498728, "rec_japan_lite_train": 19.103783, "rec_arabic_lite_train": 18.853243, "rec_german_lite_train": 18.273285, "rec_cyrillic_lite_train": 18.262018, "rec_latin_lite_train": 19.859879, "rec_en_number_lite_train": 18.841496, "rec_multi_language_lite_train": 18.787312, "rec_r31_robustscanner": 2.634844, "rec_mtb_nrtr": 3.16746, "rec_r34_vd_none_bilstm_ctc": 17.488869, "rec_svtrnet": 18.380951, "rec_mv3_none_none_ctc": 17.356783, "rec_efficientb3_fpn_pren": 3.205767, "rec_resnet_rfl_att": 0.213634, "rec_r50_fpn_srn": 834.444275, "rec_vitstr_none_ce": 2.929578, "rec_r34_vd_none_none_ctc": 17.131134, "rec_mv3_tps_bilstm_att": 211.039062, "rec_r32_gaspin_bilstm_att": 2.796611, "rec_chinese_lite_train_v2.0": 50.796043, "rec_chinese_common_train_v2.0": 19.951984, "rec_r34_vd_tps_bilstm_ctc": 17.897196, "ch_PP-OCRv2_rec_enhanced_ctc_loss": 39.982086, "ch_PP-OCRv2_rec_distillation": 49.513306, "rec_r34_vd_tps_bilstm_att": 204.411728, "en_PP-OCRv3_rec": 104.378387, "korean_PP-OCRv3_rec": 247.588684, "arabic_PP-OCRv3_rec": 122.299103, "latin_PP-OCRv3_rec": 120.496887, "cyrillic_PP-OCRv3_rec": 125.705261, "chinese_cht_PP-OCRv3_rec": 273.362549, "devanagari_PP-OCRv3_rec": 119.700851, "ka_PP-OCRv3_rec": 119.986961, "te_PP-OCRv3_rec": 121.494278, "japan_PP-OCRv3_rec": 246.86322, "ta_PP-OCRv3_rec": 116.879898, "ch_PP-OCRv3_rec_distillation": 592.557739, "ch_PP-OCRv3_rec": 271.081238, "rec_svtrnet_ch": 37.215073, "rec_mv3_tps_bilstm_ctc": 18.118229, "sr_telescope": 0.017995, "sr_tsrn_transformer_strock": 0.019356, "cls_mv3": 0.731571, "table_master": 0.554512, "SLANet": 0.24637, "ser_vi_layoutxlm_xfund_zh": 1.430506, "e2e_r50_vd_pg": 238.422531}
